housenumber,street,shape,objects,nodes,ways,nodes_on_building_outline,units,duplicate_units,merged_len,merged_flats,merge_note,unparsed,ids
190,Fife Road,nodes,36,0,36,0,72,0,12,28-43;45-100,,,w921942596 w921942597 w921942598 w921942599 w921942600 w921942601 w921942602 w1441651733 w1441651734 w1441651735 w1441651736 w1441651737 w1441651738 w1441651739 w1441651740 w1441651741 w1441651742 w1441651743 w1441651744 w1441651745 w1441651746 w1441651747 w1441651748 w1441651749 w1441651750 w1441651751 w1441651752 w1441651753 w1441651754 w1441651755 w1441651756 w1441651757 w1441651758 w1441651759 w1441651760 w1441651761
15,Carere Crescent,nodes,32,0,32,0,64,0,253,9A;9B;11A;11B;13A;13B;15A;15B;19A;19B;21A;21B;23A;23B;24A;24B;25A;25B;26A;26B;27A;27B;28A;28B;29A;29B;30A;30B;31A;31B;32A;32B;33A;33B;34A;34B;35A;35B;36A;36B;37A;37B;38A;38B;39A;39B;40A;40B;41A;41B;42A;42B;43A;43B;44A;44B;45A;45B;46A;46B;47A;47B;48A;48B,,,w803283639 w1002133611 w1002133612 w1002133613 w1002133614 w1002133731 w1002133737 w1002133738 w1002134901 w1002134902 w1002134903 w1002134904 w1002134905 w1002134906 w1002135386 w1002135387 w1002135388 w1002135389 w1002135390 w1002135571 w1002135572 w1002135573 w1002135574 w1002135575 w1002135576 w1002136083 w1002136084 w1002136085 w1002136091 w1002136092 w1002136093 w1002136094
75,Flaherty Drive,nodes,25,0,25,0,50,0,4,1-50,,,w912221550 w912221551 w912221552 w912221553 w912221554 w912221556 w912221557 w912221558 w1437043928 w1437043929 w1437043930 w1437043931 w1437043932 w1437043933 w1437043934 w1437043935 w1437043936 w1437043937 w1437043938 w1437043939 w1437043940 w1437043941 w1437043942 w1437043943 w1437043944
49,Rhonda Road,nodes,24,0,24,0,48,0,6,84-131,,,w803276519 w803276525 w803276526 w1441651844 w1441651845 w1441651846 w1441651847 w1441651848 w1441651849 w1441651850 w1441651851 w1441651852 w1441651853 w1441651854 w1441651855 w1441651856 w1441651910 w1441651911 w1441651912 w1441651913 w1441651914 w1441651915 w1441651916 w1441651917
240,Westwood Road,nodes,19,0,19,0,70,0,246,1A;1B;1C;2A;2B;2C;2D;3A;3B;3C;4A;4B;4C;4D;5A;5B;5C;5D;6A;6B;6C;6D;7A;7B;7C;7D;8A;8B;8C;8D;9A;9B;9C;10A;10B;10C;11A;11B;11C;12A;12B;12C;13A;13B;13C;13D;14A;14B;14C;14D;16A;16B;16C;16D;17A;17B;17C;17D;18A;18B;18C;18D;19A;19B;19C;19D;20A;20B;20C;20D,,,w803279310 w803279312 w803279313 w803279314 w803279315 w803279319 w1019900572 w1019900573 w1019900574 w1019900576 w1441652013 w1441652014 w1441652015 w1441652016 w1441652017 w1441652018 w1441652019 w1441652020 w1441652021
941,Gordon Street,nodes,18,0,18,0,72,0,4,1-72,,,w800638895 w800638896 w800638897 w800638898 w800638899 w800638900 w800638901 w800638902 w800638903 w800638904 w800638905 w800638906 w800638907 w800638908 w800638909 w800638910 w800638911 w800638912
120,Westmount Road,nodes,14,0,14,0,28,0,4,1-28,,,w1369220537 w1369220538 w1369220539 w1369220540 w1369220541 w1369220542 w1369220543 w1369220544 w1369220545 w1369220546 w1369220547 w1369220548 w1369220549 w1369220550
5,Gordon Street,collapse,13,13,0,7,61,0,61,100;102A;102B;105-107;200-212;300-312;400-412;500-507;600-607,,,n13150618368 n13150618369 n13150618370 n13150618371 n13150618372 n13150618373 n13150618374 n13150618375 n13150618376 n13150618377 n13150618378 n13150618379 n13150618380
176,Janefield Avenue,nodes,11,0,11,0,22,0,87,152;154;156;200;202;204;220;222;224;226;228;230;232;234;236;238;308;310;312;314;316;318,,,w1349287614 w1349287615 w1349287616 w1349287617 w1349287618 w1349287989 w1349287990 w1349287997 w1349319931 w1349319932 w1349319933
39,Kay Crescent,nodes,9,0,9,0,26,0,11,12-21;32-47,,,w802540386 w802540388 w802540389 w1443052881 w1443052882 w1443052883 w1443052884 w1443052885 w1443052886
470,Auden Road,nodes,9,0,9,0,40,0,22,1-13;16;17;22;23;26-48,,,w937552909 w937552911 w937552912 w937552913 w937552914 w937552915 w937552916 w937552917 w937552918
146,Downey Road,nodes,8,0,8,0,16,0,63,17A;17B;18A;18B;19A;19B;20A;20B;21A;21B;22A;22B;23A;23B;24A;24B,,,w802839119 w1450184510 w1450184516 w1450184517 w1450184675 w1450184676 w1450184680 w1450184684
32,Arkell Road,collapse,8,0,8,0,32,0,4,1-32,,,w1283416466 w1283416472 w1283416476 w1283416486 w1443819663 w1443819664 w1443819665 w1443819666
467,Auden Road,nodes,7,0,7,0,44,0,4,1-44,,,w937956322 w937956323 w937956324 w937956325 w937956326 w937956327 w937956329
80,Burns Drive,nodes,5,0,5,0,10,0,5,11-20,,,w632319013 w1436604416 w1436604417 w1436604418 w1436604419
86,Burns Drive,nodes,5,0,5,0,10,0,4,1-10,,,w632319014 w1436604420 w1436604421 w1436604422 w1436604423
100,Woodlawn Road East,nodes,4,0,4,0,8,0,3,1-8,,,w803281467 w803281468 w954036919 w954036924
74,Janefield Avenue,nodes,4,0,4,0,8,0,31,158;160;162;164;192;194;196;198,,,w1349287991 w1349287992 w1349287993 w1349287996
120,Country Club Drive,nodes,3,0,3,0,36,0,16,1-12;14-33;58-61,,,w761343575 w761343576 w761343584
19,Burns Drive,nodes,3,0,3,0,12,0,5,41-52,,,w802123324 w1436604430 w1436604431
224,Janefield Avenue,nodes,3,0,3,0,6,0,23,344;346;348;350;352;354,,,w801566989 w1349291101 w1349291102
3,Burns Drive,nodes,3,0,3,0,12,0,4,1-12,,,w802123328 w1436604425 w1436604426
9,Burns Drive,nodes,3,0,3,0,18,0,5,53-70,,,w802123327 w1436604428 w1436604429
11,Burns Drive,nodes,2,0,2,0,8,0,5,13-20,,,w802123329 w1436604427
15,Burns Drive,nodes,2,0,2,0,8,0,5,21-28,,,w802123326 w1436604432
17,Burns Drive,nodes,2,0,2,0,12,0,5,29-40,,,w802123325 w1436604433
245,Southgate Drive,nodes,2,0,2,0,12,0,4,1-12,,,w337955594 w337955609
304,Stone Road West,nodes,2,0,2,0,10,0,8,1-4;7-12,,,w215069452 w215069453
35,Mountford Drive,nodes,2,0,2,0,40,0,11,17-32;65-88,,,w803283648 w803283649
394,Auden Road,nodes,2,0,2,0,20,0,11,11-19;29-39,,,w803283640 w803283643
560,Woolwich Street,review,2,0,2,0,18,0,11,A1-A9;B1-B9,,,w882913721 w882913722
649,Scottsdale Drive,nodes,2,0,2,0,8,0,14,1-5;2B;100;101,,,w212559742 w212559745
